INSERT INTO LABORATORIO (nombre,capacidad,computadores) values('F2-08', 25, 25);
INSERT INTO LABORATORIO (nombre,capacidad,computadores) values('F2-09', 21, 21);
INSERT INTO LABORATORIO (nombre,capacidad,computadores) values('F2-06', 27, 27);
INSERT INTO LABORATORIO (nombre,capacidad,computadores) values('F2-07', 25, 25);
INSERT INTO TIPO_ACTIVO (tipo) values ('Osciloscopio');
INSERT INTO TIPO_ACTIVO (tipo) values ('Fuente CD');
INSERT INTO TIPO_ACTIVO (tipo) values ('Fuente CA');
INSERT INTO TIPO_ACTIVO (tipo) values ('Multimetro');
INSERT INTO TIPO_ACTIVO (tipo) values ('Cables');
INSERT INTO TIPO_ACTIVO (tipo) values ('FPGA');
INSERT INTO ACTIVO (placa, disponible, marca, aprobacion, id_tipo, nombre_lab) values ('K9DF9I78', 1,'ONICHAN', 0, 1, 'F2-06');
INSERT INTO ACTIVO (placa, disponible,fecha_compra, marca, aprobacion, id_tipo, nombre_lab) values ('DA79DFR9', 1, '2013-02-21' ,'TERRENAITOR', 1, 5, NULL);
INSERT INTO ACTIVO (placa, disponible,fecha_compra, marca, aprobacion, id_tipo, nombre_lab) values ('ERF789P8', 1, NULL ,'TERRENAITOR', 1, 5, NULL);
INSERT INTO ACTIVO (placa, disponible,fecha_compra, marca, aprobacion, id_tipo, nombre_lab) values ('R9G5TY11', 1, NULL ,'KAWAII', 0, 4, NULL);
INSERT INTO ACTIVO (placa, disponible,fecha_compra, marca, aprobacion, id_tipo, nombre_lab) values ('1TY78KK0', 1, '2015-07-11' ,'VOLTEON', 1, 2, 'F2-07');
INSERT INTO ACTIVO (placa, disponible,fecha_compra, marca, aprobacion, id_tipo, nombre_lab) values ('JIU6P999', 1, '2016-05-11' ,'BORUTO', 1, 4, 'F2-09');
INSERT INTO ACTIVO (placa, disponible,fecha_compra, marca, aprobacion, id_tipo, nombre_lab) values ('LO89KK77', 1, NULL ,'BORUTO', 0, 3, 'F2-06');
INSERT INTO FACILIDAD (nombre_lab,facilidad) VALUES ('F2-08', 'Televisor');
INSERT INTO FACILIDAD (nombre_lab,facilidad) VALUES ('F2-06', 'Sala de masajes');
INSERT INTO FACILIDAD (nombre_lab,facilidad) VALUES ('F2-07', 'Birras de cortesia');
INSERT INTO FACILIDAD (nombre_lab,facilidad) VALUES ('F2-07', 'Impresion 3-D');
INSERT INTO FACILIDAD (nombre_lab,facilidad) VALUES ('F2-09', 'Sala de estar');
INSERT INTO ADMINISTRADOR (correo, password) VALUES ('betico@gmail.com','beto1234');
INSERT INTO PROFESOR(correo, num_cedula,password,nombre,apellido1,apellido2,fecha_nacimiento,correo_administrador) VALUES ('leoaraya@itcr.com', '1-1111-2222','leo1234', 'Leonardo', 'Araya','Ruiz','1995-05-05','betico@gmail.com');
INSERT INTO PROFESOR(correo, num_cedula,password,nombre,apellido1,apellido2,fecha_nacimiento,correo_administrador) VALUES ('jleiton@itcr.com', '1-3333-2222','jas1234', 'Jason', 'Leiton','Jimenez','1994-07-05','betico@gmail.com');
INSERT INTO OPERADOR (correo,nombre,apellido1,apellido2,num_cedula,password,aprobado,fecha_nacimiento,carnet,correo_administrador)
VALUES ('fulano@estudiantec.cr', 'Fulano', 'Crespo' ,'Navas', '2-3333-5967', 'fulano1234',0,'2003-11-21','2021459677','betico@gmail.com');
INSERT INTO OPERADOR (correo,nombre,apellido1,apellido2,num_cedula,password,aprobado,fecha_nacimiento,carnet,correo_administrador)
VALUES ('mengano@estudiantec.cr', 'Mengano', 'Ramos' ,'Otamendi', '7-5597-5967', 'mengano1234',1,'2004-11-21','2022459677','betico@gmail.com');
INSERT INTO HORARIO (nombre_lab, dia, hora_apertura, hora_cierre) VALUES ('F2-07', 'L', '07:00:00','16:00:00');
INSERT INTO HORARIO (nombre_lab, dia, hora_apertura, hora_cierre) VALUES ('F2-07', 'K', '08:00:00','17:00:00');
INSERT INTO HORARIO (nombre_lab, dia, hora_apertura, hora_cierre) VALUES ('F2-07', 'M', '07:00:00','17:00:00');
INSERT INTO HORARIO (nombre_lab, dia, hora_apertura, hora_cierre) VALUES ('F2-07', 'J', '08:00:00','17:00:00');
INSERT INTO HORARIO (nombre_lab, dia, hora_apertura, hora_cierre) VALUES ('F2-07', 'V', '07:00:00','15:00:00');
INSERT INTO HORARIO (nombre_lab, dia, hora_apertura, hora_cierre) VALUES ('F2-08', 'L', '07:00:00','17:00:00');
INSERT INTO HORARIO (nombre_lab, dia, hora_apertura, hora_cierre) VALUES ('F2-08', 'K', '09:00:00','18:00:00');
INSERT INTO HORARIO (nombre_lab, dia, hora_apertura, hora_cierre) VALUES ('F2-08', 'M', '07:00:00','17:00:00');
INSERT INTO HORARIO (nombre_lab, dia, hora_apertura, hora_cierre) VALUES ('F2-08', 'J', '08:00:00','17:00:00');
INSERT INTO HORARIO (nombre_lab, dia, hora_apertura, hora_cierre) VALUES ('F2-08', 'V', '07:00:00','15:00:00');
INSERT INTO HORARIO (nombre_lab, dia, hora_apertura, hora_cierre) VALUES ('F2-08', 'S', '08:00:00','14:00:00');